table_size,lru
10,0.3101500508688019
11,0.31676075498369993
12,0.32280551343619157
13,0.3287391615939739
14,0.3348475396506943
15,0.3411406833749071
16,0.3476273740640974
17,0.3541497275736863
18,0.3608186749882304
19,0.3674401317122939
20,0.37403829111649894
21,0.3805674546118926
22,0.3869742175729533
23,0.39326449393472196
24,0.39934455678730674
25,0.40530598251876643
26,0.41108550994517784
27,0.41684532425478593
28,0.4224110539689583
29,0.4279950631187118
30,0.433451833060008
31,0.43877240328520883
32,0.44389673839314087
33,0.4489355902582078
34,0.45384397713206764
35,0.45851957001749627
36,0.4631385324946537
37,0.4675893958485251
38,0.4719393638863944
39,0.4761714116437496
40,0.48024754656820623
41,0.4841765499572494
42,0.487921683729564
43,0.49154531301830934
44,0.4950940324632023
45,0.49843934838471615
46,0.5016977473821429
47,0.5048785483834258
48,0.5078890997395897
49,0.5108139886427358
50,0.5136290217222418
51,0.5163083927161108
52,0.5188874060244361
53,0.5214040541996018
54,0.5238579788213026
55,0.5262446996357195
56,0.5286093776013474
57,0.5308491460905036
58,0.5330086284312248
59,0.5351147061464244
60,0.5372053717884868
61,0.5392687974873303
62,0.5412933345830254
63,0.543198159296679
64,0.5451044176915546
65,0.5469943679625293
66,0.5488040320850689
67,0.5505423705668112
68,0.5522645801348055
69,0.5539801589271477
70,0.5556328349558722
71,0.5573269085298835
72,0.5589645309057765
73,0.5606161316735845
74,0.5621951523295259
75,0.5637510548757617
76,0.5652974592839013
77,0.5668038998279762
78,0.5682822043780682
79,0.5697927667556565
80,0.5712872002194966
81,0.5727466877035491
82,0.5741891502230898
83,0.5756054480603279
84,0.5770025704112209
85,0.578372452818895
86,0.5797547007271093
87,0.5811059452788967
88,0.5824636413961833
89,0.5838055670200273
90,0.5851041237869041
91,0.5864266947142504
92,0.5877001620597412
93,0.588969865992024
94,0.5902325807283495
95,0.5915105283276593
96,0.5927558596791672
97,0.593988108689524
98,0.5951816483068852
99,0.5963775176562323
100,0.5975638888674832
101,0.5987205111933765
102,0.5998529401486477
103,0.6009885948866684
104,0.6021134970155237
105,0.6032448507098783
106,0.6043482476204027
107,0.6054471642771083
108,0.6065702743044361
109,0.6076471481123525
110,0.6087044880136185
111,0.6097679210600783
112,0.6108245441207332
113,0.6118713106229865
114,0.6129135968714209
115,0.6139449513005371
116,0.6149804275631666
117,0.6159945778176182
118,0.6170200183116934
119,0.6180468924869907
120,0.6190470643495272
121,0.6200452649003834
122,0.6210176591892426
123,0.6219879029562686
124,0.6229389712369497
125,0.623890577148089
126,0.6248683477415309
127,0.6258092010435049
128,0.6267333878012724
129,0.6277038107784513
130,0.6286369580438567
131,0.62957386872247
132,0.6305184854376518
133,0.631447331659391
134,0.6323518053003553
135,0.633290687290649
136,0.6342148740484165
137,0.6351302795086989
138,0.6360265094826364
139,0.6369037431803817
140,0.637818431800053
141,0.6386893931424518
142,0.639560712905156
143,0.6404262979429721
144,0.641302277169648
145,0.642153166974938
146,0.6430074617731304
147,0.6438404305631447
148,0.6446807469694219
149,0.6455056513025621
150,0.6463506271728111
151,0.6471886138471026
152,0.6480246292097137
153,0.6488473830210209
154,0.6496622515856066
155,0.6504608120262916
156,0.6512484406476583
157,0.6520559615959811
158,0.6528762064651497
159,0.653667777709877
160,0.6544641876287289
161,0.6552385546987917
162,0.6560276170013805
163,0.6568025217019015
164,0.6575863869100603
165,0.6583892483944115
166,0.6591582391598915
167,0.6599211367801778
168,0.6607033890969618
169,0.6614800858990104
170,0.6622399369466998
171,0.6630033721974444
172,0.6637494240633716
173,0.6644814975373837
174,0.6652262949322415
175,0.6659684041748081
176,0.6666952805543902
177,0.667411404324807
178,0.6681429401683607
179,0.6688932930779541
180,0.6696377320525064
181,0.6703984791509596
182,0.6711298357843607
183,0.6718502605984437
184,0.6725715814632903
185,0.6733104649231072
186,0.6740719288621715
187,0.6748371562144436
188,0.6755914517473975
189,0.6763165360254522
190,0.6770387529410626
191,0.677772080886144
192,0.6784864125550332
193,0.6791960847599506
194,0.6799131045811312
195,0.6806251065180345
196,0.6813371084549379
197,0.6820548451167294
198,0.6827508973500374
199,0.6834741895265644
200,0.6842093095731734
201,0.6849259709740484
202,0.6856514136724084
203,0.6863917308134474
204,0.6871125140478358
205,0.6878462004132228
206,0.6885911770182334
207,0.6893266554851478
208,0.6900648221043537
209,0.6908189384271549
210,0.6915264601102393
211,0.6922746624979995
212,0.6930097825446085
213,0.6937590601932854
214,0.694487728674395
215,0.6952085119087834
216,0.6959086859756048
217,0.6966326949927429
218,0.6973525821763675
219,0.6980704980483118
220,0.6988124280807255
221,0.6995190537130462
222,0.7002253209250613
223,0.7009394733837977
224,0.7016871381410997
225,0.7024052332231967
226,0.7031244035662103
227,0.7038475165325846
228,0.7045536045344469
229,0.7052564667535597
230,0.7059720528935182
231,0.7067003629543224
232,0.7074295690658904
233,0.7081413917926409
234,0.708858770034127
235,0.709560736202476
236,0.7102894046835857
237,0.7110057076641552
238,0.7117164551299892
239,0.712414837095283
240,0.7131228964088256
241,0.7138295220411462
242,0.7145193019191077
243,0.7152184007250126
244,0.7159121232263347
245,0.7166183904383499
246,0.7173063782147837
247,0.7180205306735201
248,0.7186983034712469
249,0.7193952517553186
250,0.7200905871480155
251,0.7207746323010888
252,0.7214776737303543
253,0.722172471492593
254,0.7228572334862773
255,0.7235436083713364
256,0.7242029225233292
257,0.7248789032195283
258,0.7255512997126724
259,0.7262391082789535
260,0.7269134760837779
261,0.7275928617728794
262,0.7282683048386204
263,0.728938013179473
264,0.7295889044542863
265,0.730252698860098
266,0.7308989306709395
267,0.7315657716493481
268,0.7322614654623505
269,0.7329281272306064
270,0.7336094842313883
271,0.7342759667894914
272,0.7349469296014133
273,0.7356471036682347
274,0.7363051633491582
275,0.7369666280229841
276,0.7376185945587138
277,0.7382813137036089
278,0.7389275455144505
279,0.7395933112319426
280,0.7402483243402692
281,0.7409040542892068
282,0.7415637268615052
283,0.7422305678399137
284,0.7429018890721413
285,0.74355833586169
286,0.7442154994918496
287,0.7448420181858879
288,0.7454936263013121
289,0.7461375283801678
290,0.7467749788935243
291,0.7474118917764224
292,0.7480373352095442
293,0.7486638539035825
294,0.7493084728230491
295,0.7499283607414354
296,0.750569395457847
297,0.751201290456468
298,0.7518511064703647
299,0.7524858688314298
300,0.7531227817143279
301,0.7537591569667678
302,0.7543854964506533
303,0.7550075348908727
304,0.7556286772803282
305,0.7562903211643068
306,0.7569295637791909
307,0.7575756163798797
308,0.7582410236770661
309,0.758887076277755
310,0.7595286486246248
311,0.7601546296882048
312,0.7607951267741581
313,0.7614354446499587
314,0.7620978053745483
315,0.7627481590189032
316,0.7633985126632582
317,0.7640560347137234
318,0.7647209043804517
319,0.7653859532573327
320,0.7660327226986325
321,0.7666855852851261
322,0.7673242902695517
323,0.767943461347327
324,0.768577506867781
325,0.7692031295110555
326,0.7698181787553174
327,0.7704429053478281
328,0.7710498901352159
329,0.7716557996616871
330,0.772272282587171
331,0.7728844644689886
332,0.7735093702716521
333,0.774125136356525
334,0.7747197556433725
335,0.7753253067495383
336,0.7759231518191354
337,0.7765290613456066
338,0.7771288777268841
339,0.7777442853914515
340,0.7783394423087572
341,0.778959688647449
342,0.7795668526449895
343,0.7801905039765837
344,0.7807808222197651
345,0.7813822514924174
346,0.7819895947001106
347,0.7825967586976511
348,0.7831983671804562
349,0.7837972875109699
350,0.7843987167836222
351,0.7850193215426194
352,0.7856221844964938
353,0.7862268395518958
354,0.7868370501220332
355,0.7874598054028635
356,0.7880658941394875
357,0.7887090793777322
358,0.7893343436007011
359,0.789967134650086
360,0.7905902483512218
361,0.7912090610086915
362,0.7918259023544809
363,0.7924273316271332
364,0.7930581513648376
365,0.7936780392832239
366,0.794299540092985
367,0.7949049119889979
368,0.7955217533347874
369,0.7961253331292727
370,0.7967387694821597
371,0.7973384066532845
372,0.7979547103686155
373,0.7985846340555562
374,0.7992077477566921
375,0.7998227970009539
376,0.8004468067528536
377,0.8010801354326966
378,0.8016989480901664
379,0.8023199112694692
380,0.8029243871147184
381,0.8035328055833282
382,0.8041609371687413
383,0.8047965955805702
384,0.8054258024268998
385,0.806044256664064
386,0.8066424601539666
387,0.8072347497088284
388,0.8078517702647705
389,0.808451586646048
390,0.8090501485562561
391,0.8096583878147132
392,0.8102592794569072
393,0.8108908160352227
394,0.8114868690032923
395,0.8121089074435116
396,0.8127203724847183
397,0.8133501169615062
398,0.8139554888575191
399,0.8145682083697952
400,0.8151741178962664
401,0.8157846868867092
402,0.8163963311380688
403,0.8169947138381242
404,0.8176158562275797
405,0.818229830210925
406,0.8188613667892405
407,0.8194803586568629
408,0.8201314291418289
409,0.8207461199657852
410,0.8213902012547937
411,0.8220285478189139
412,0.82266922411502
413,0.8232968180699748
414,0.8239296091193595
415,0.8245446583636213
416,0.825156840245439
417,0.825779953946575
418,0.8263760069146445
419,0.8269975077244056
420,0.8275917685909476
421,0.8282066386250567
422,0.8288252720723737
423,0.8294317192293031
424,0.8300302811395114
425,0.8306372659268991
426,0.8312207741842758
427,0.8318164687320397
428,0.8323954967355974
429,0.8329838436670985
430,0.8335730866493634
431,0.8341686019869746
432,0.8347619668027528
433,0.8353443997992129
434,0.8359449330211015
435,0.8365327423221443
436,0.8371431321024344
437,0.8377320166643937
438,0.8383323706761294
439,0.8389325454777125
440,0.8395237597716576
441,0.8400929312168136
442,0.840695077330077
443,0.8413072592118946
444,0.8418882585271327
445,0.842491121481007
446,0.8431063499354217
447,0.8437170981360173
448,0.8443251581843216
449,0.8449384153270558
450,0.845573894528732
451,0.8462134955639214
452,0.8468466450336117
453,0.8474894718515509
454,0.8481534454675154
455,0.8488141933007303
456,0.849486769004027
457,0.8502315663988849
458,0.8509761845835899
459,0.8517358564211267
460,0.8525182879480635
461,0.8533118305044712
462,0.8541254445979877
463,0.8549802770266384
464,0.8558836754066861
465,0.8568426289340885
466,0.8577897545914089
467,0.8588368795139677
468,0.8599556884976293
469,0.8611072929392455
470,0.8623248467170761
471,0.8635015405800782
472,0.8648434662039222
473,0.8661991910095285
474,0.8675757041928545
475,0.8689970199143698
476,0.8704229950998568
477,0.8718573931625233
478,0.8733575613512518
479,0.8748460808800509
480,0.8764555672619609
481,0.8779462373125932
482,0.8795956875585681
483,0.8810833110366035
484,0.8825053435987298
485,0.8838969104348875
486,0.8852909862131837
487,0.8866278939527505
488,0.8879588877572764
489,0.8892834299963029
490,0.89050725612948
491,0.8917938058161221
492,0.8930534739798507
493,0.8943102747811351
494,0.8954384026927401
495,0.8964634847665098
496,0.8974616853173659
497,0.8984030762497982
498,0.8993708110746856
499,0.9003491192985859
500,0.9012822665639912
